id,nome_bairr,secretaria,territorio,qtd_unidad,area_edif_,qtd_unida0,area_edif0,qtd_unida1,area_edif1,qtd_unida2,area_edif2,qtd_unida3,area_edif3,qtd_unida4,area_edif4,qtd_unida5,area_edif5,qtd_unida6,area_edif6,qtd_unida7,area_edif7,qtd_unida8,area_edif8
91,AEROLÂNDIA,SR6,"26",2199,233615.459999999991851,713,131777.339999999996508,37,5723.439999999999600,0,0.000000000000000,6,1430.789999999999964,4,1181.599999999999909,2,1296.000000000000000,0,0.000000000000000,0,0.000000000000000,21,1819.779999999999973
92,AEROPORTO,SR4,"18",1664,128894.630000000004657,347,184251.720000000001164,59,16695.119999999998981,3,2784.889999999999873,6,6132.670000000000073,4,1083.200000000000045,51,21238.790000000000873,0,0.000000000000000,1,653.490000000000009,100,21205.759999999998399
2,ALDEOTA,SR2,"7",18715,3438544.830000000074506,17267,2033117.649999999906868,1376,76888.169999999998254,2,242.680000000000007,27,31395.020000000000437,12,5022.579999999999927,18,28456.340000000000146,0,0.000000000000000,156,15595.020000000000437,173,20171.080000000001746
93,ALTO DA BALANÇA,SR6,"26",2921,311442.830000000016298,652,126907.089999999996508,21,3749.389999999999873,3,540.389999999999986,8,4338.550000000000182,20,4564.489999999999782,2,291.279999999999973,0,0.000000000000000,2,1039.440000000000055,29,3357.659999999999854
3,ÁLVARO WEYNE,SR1,"6",5622,618215.109999999986030,1019,226609.769999999989523,23,2873.719999999999800,4,5585.699999999999818,6,905.159999999999968,23,7000.340000000000146,1,1680.259999999999991,0,0.000000000000000,3,4383.739999999999782,10,4353.340000000000146
4,AMADEU FURTADO,SR3,"14",3057,419622.559999999997672,778,144578.869999999995343,47,4859.869999999999891,2,96.319999999999993,3,1087.369999999999891,8,3276.570000000000164,1,259.269999999999982,0,0.000000000000000,10,2229.099999999999909,2,570.740000000000009
50,ANCURI,SR9,"33",282,36435.790000000000873,216,198753.049999999988358,2,246.349999999999994,1,667.049999999999955,2,1777.000000000000000,2,396.000000000000000,0,0.000000000000000,0,0.000000000000000,1,650.000000000000000,0,0.000000000000000
40,ANTÔNIO BEZERRA,SR3,"11",6416,720119.050000000046566,1278,319601.549999999988358,55,8371.750000000000000,8,7553.119999999999891,13,9220.180000000000291,19,6032.880000000000109,3,532.480000000000018,0,0.000000000000000,4,8368.750000000000000,14,3806.909999999999854
123,ARACAPÉ,SR10,"34",3491,410829.820000000006985,523,126641.830000000001746,7,723.529999999999973,0,0.000000000000000,1,277.310000000000002,15,4908.670000000000073,1,418.970000000000027,0,0.000000000000000,1,790.960000000000036,3,1293.160000000000082
41,AUTRAN NUNES,SR11,"37",2114,233436.940000000002328,361,91974.000000000000000,7,849.690000000000055,1,967.679999999999950,1,2313.500000000000000,7,1736.309999999999945,0,0.000000000000000,0,0.000000000000000,1,428.339999999999975,3,61.000000000000000
6,BARRA DO CEARÁ,SR1,"3",10308,1067041.510000000009313,1933,527949.000000000000000,40,10198.299999999999272,9,16217.959999999999127,13,11117.569999999999709,53,14997.459999999999127,3,726.299999999999955,0,0.000000000000000,4,2464.679999999999836,54,13854.629999999999200
51,BARROSO,SR9,"31",7156,698269.969999999972060,1015,318830.010000000009313,26,5066.840000000000146,6,3202.110000000000127,12,8028.279999999999745,23,6931.560000000000400,4,4048.139999999999873,0,0.000000000000000,4,6512.329999999999927,6,2389.119999999999891
94,BELA VISTA,SR11,"36",4277,453224.950000000069849,664,143588.700000000011642,19,9625.379999999999200,2,222.409999999999997,9,7716.739999999999782,6,2523.980000000000018,3,618.730000000000018,0,0.000000000000000,2,1358.369999999999891,12,1916.369999999999891
7,BENFICA,SR4,"15",6047,740944.540000000037253,1654,419683.840000000025611,74,15960.780000000000655,2,1329.869999999999891,23,27702.060000000001310,7,5846.800000000000182,8,4846.460000000000036,0,0.000000000000000,12,10013.180000000000291,7,3109.210000000000036
95,BOA VISTA-CASTELÃO,SR8,"20",2938,306374.690000000002328,824,328717.609999999986030,28,4590.140000000000327,2,585.809999999999945,10,5142.810000000000400,11,2482.809999999999945,2,645.000000000000000,0,0.000000000000000,0,0.000000000000000,2,191.490000000000009
8,BOM FUTURO,SR4,"16",1588,190327.220000000030268,761,109520.580000000001746,15,1508.930000000000064,0,0.000000000000000,0,0.000000000000000,1,55.000000000000000,0,0.000000000000000,0,0.000000000000000,8,321.069999999999993,0,0.000000000000000
72,BOM JARDIM,SR5,"39",7209,885571.860000000102445,1166,244959.859999999986030,32,4210.510000000000218,1,306.319999999999993,19,9893.790000000000873,50,17024.270000000000437,3,695.610000000000014,0,0.000000000000000,3,1749.680000000000064,21,2711.960000000000036
73,BONSUCESSO,SR5,"39",6702,825816.550000000162981,1478,354557.979999999923166,22,2969.269999999999982,3,964.960000000000036,16,5582.369999999999891,28,7131.479999999999563,3,795.590000000000032,0,0.000000000000000,2,1151.140000000000100,21,4678.289999999999964
110,CAIS DO PORTO,SR2,"9",3787,324321.549999999988358,491,312138.380000000004657,11,1889.559999999999945,6,22177.090000000000146,9,7089.489999999999782,10,1490.450000000000045,6,3809.300000000000182,0,0.000000000000000,1,264.000000000000000,247,27767.529999999998836
52,CAJAZEIRAS,SR9,"31",4599,431938.190000000002328,822,338089.039999999979045,19,17315.290000000000873,3,1973.549999999999955,6,5658.859999999999673,9,2477.539999999999964,2,1119.250000000000000,0,0.000000000000000,1,385.000000000000000,6,1874.069999999999936
53,CAMBEBA,SR6,"28",4898,545573.619999999995343,1057,263159.960000000020955,20,5904.010000000000218,4,1867.269999999999982,8,1148.880000000000109,3,1822.000000000000000,2,11988.540000000000873,0,0.000000000000000,0,0.000000000000000,3,1418.359999999999900
74,CANINDEZINHO,SR10,"34",3747,478638.109999999986030,676,202929.619999999995343,10,1749.539999999999964,0,0.000000000000000,11,5126.960000000000036,24,6992.329999999999927,1,127.719999999999999,0,0.000000000000000,2,1433.000000000000000,8,3120.909999999999854
9,CARLITO PAMPLONA,SR1,"5",7027,598858.819999999948777,969,261911.230000000010477,23,2147.090000000000146,2,7664.880000000000109,10,3842.789999999999964,16,3394.929999999999836,0,0.000000000000000,0,0.000000000000000,3,1247.430000000000064,16,2141.300000000000182
10,CENTRO,SR12,"1",11415,1259142.010000000009313,17773,3078511.649999999906868,587,111106.440000000002328,10,5486.039999999999964,80,32827.050000000002910,22,23824.990000000001601,51,56371.989999999997963,0,0.000000000000000,98,26334.430000000000291,172,27599.130000000001019
111,CIDADE 2000,SR7,"23",2211,272220.830000000016298,500,59446.290000000000873,24,2502.710000000000036,1,56.000000000000000,3,802.519999999999982,9,2901.019999999999982,1,425.750000000000000,0,0.000000000000000,4,1868.109999999999900,2,276.290000000000020
54,CIDADE DOS FUNCIONÁRIOS,SR6,"27",4883,770950.439999999944121,2309,467619.919999999983702,96,11781.219999999999345,6,1918.680000000000064,14,5181.399999999999636,7,2501.960000000000036,2,350.370000000000005,0,0.000000000000000,15,675.230000000000018,6,2234.409999999999854
55,COAÇU,SR6,"30",1070,158614.200000000011642,341,129801.460000000006403,4,239.110000000000014,1,1627.700000000000045,2,1040.299999999999955,2,929.700000000000045,2,2766.610000000000127,0,0.000000000000000,1,704.049999999999955,2,1520.910000000000082
11,COCÓ,SR7,"23",9943,1988403.109999999869615,2645,424642.400000000023283,263,25817.330000000001746,5,1582.630000000000109,4,1333.589999999999918,0,0.000000000000000,0,0.000000000000000,0,0.000000000000000,0,0.000000000000000,39,555.919999999999959
42,CONJUNTO CEARÁ I,SR11,"38",3733,641262.630000000004657,874,170291.700000000011642,21,2697.030000000000200,0,0.000000000000000,13,13329.430000000000291,14,3550.949999999999818,3,3383.619999999999891,0,0.000000000000000,3,2600.079999999999927,4,1435.900000000000091
75,CONJUNTO CEARÁ II,SR11,"38",4571,758973.709999999962747,978,195443.209999999991851,11,1254.839999999999918,1,132.879999999999995,8,9801.319999999999709,6,3279.780000000000200,1,1118.250000000000000,0,0.000000000000000,0,0.000000000000000,4,555.269999999999982
76,CONJUNTO ESPERANÇA,SR10,"34",2825,324157.309999999997672,454,85744.610000000015134,8,1191.230000000000018,0,0.000000000000000,8,2686.900000000000091,10,3410.659999999999854,2,602.629999999999995,0,0.000000000000000,1,438.819999999999993,4,2357.039999999999964
117,CONJUNTO PALMEIRAS,SR9,"32",5186,580137.390000000013970,586,102727.660000000003492,28,2436.010000000000218,9,1161.170000000000073,15,9012.510000000000218,36,7787.310000000000400,8,2504.150000000000091,0,0.000000000000000,1,497.290000000000020,16,3802.090000000000146
96,COUTO FERNANDES,SR11,"36",1050,113574.750000000014552,208,76340.529999999998836,3,2866.449999999999818,0,0.000000000000000,0,0.000000000000000,0,0.000000000000000,1,258.959999999999980,0,0.000000000000000,1,3671.860000000000127,5,1526.230000000000018
12,CRISTO REDENTOR,SR1,"4",5215,544124.869999999995343,652,120467.470000000001164,7,1052.980000000000018,8,22232.310000000001310,14,18482.750000000000000,9,2424.300000000000182,2,498.810000000000002,0,0.000000000000000,2,1226.720000000000027,43,3172.630000000000109
56,CURIÓ,SR6,"29",1389,132448.429999999993015,186,69239.869999999995343,3,548.909999999999968,1,877.110000000000014,1,156.219999999999999,4,1164.980000000000018,0,0.000000000000000,0,0.000000000000000,0,0.000000000000000,28,1311.480000000000018
13,DAMAS,SR4,"16",3484,402294.770000000018626,764,186451.670000000012806,15,6672.029999999999745,6,17492.659999999999854,3,2412.440000000000055,1,292.649999999999977,2,558.809999999999945,0,0.000000000000000,2,91.219999999999999,8,1585.000000000000000
116,DE LOURDES,SR2,"8",860,325056.429999999993015,135,59570.779999999998836,1,253.919999999999987,2,341.480000000000018,0,0.000000000000000,2,2413.750000000000000,0,0.000000000000000,0,0.000000000000000,0,0.000000000000000,1,50.000000000000000
97,DEMÓCRITO ROCHA,SR11,"36",2692,345358.950000000069849,659,166247.410000000003492,10,5280.359999999999673,3,2993.070000000000164,4,4931.939999999999600,4,749.470000000000027,0,0.000000000000000,0,0.000000000000000,1,629.840000000000032,7,2429.320000000000164
98,DIAS MACÊDO,SR8,"20",2303,248671.569999999977881,475,132447.049999999988358,14,2412.030000000000200,4,1417.369999999999891,5,7622.750000000000000,8,5217.300000000000182,3,364.540000000000020,1,261.139999999999986,1,918.000000000000000,4,746.000000000000000
14,DIONÍSIO TORRES,SR2,"10",5656,1087418.449999999953434,3405,582629.229999999981374,135,12209.700000000000728,0,0.000000000000000,13,31948.599999999998545,5,2390.409999999999854,12,7804.819999999999709,0,0.000000000000000,81,19388.400000000001455,10,10407.850000000000364
43,DOM LUSTOSA,SR11,"37",2615,328829.299999999988358,526,165962.089999999996508,6,1225.789999999999964,1,241.560000000000002,5,7902.319999999999709,8,1828.670000000000073,1,393.759999999999991,0,0.000000000000000,1,117.739999999999995,1,582.779999999999973
57,EDSON QUEIROZ,SR7,"25",5319,782871.420000000041910,3381,919807.530000000144355,17,2915.980000000000018,1,6980.000000000000000,6,5525.420000000000073,11,4253.369999999999891,10,1782.039999999999964,0,0.000000000000000,2,1655.329999999999927,75,12326.520000000000437
38,ELLERY,SR3,"13",1865,223713.190000000002328,392,84016.649999999994179,7,1039.519999999999982,2,4494.970000000000255,2,1611.680000000000064,7,1098.609999999999900,1,134.080000000000013,0,0.000000000000000,1,184.409999999999997,13,1013.500000000000000
58,ENGENHEIRO LUCIANO CAVALCANTE,SR7,"24",7895,1959623.619999999878928,1816,433440.789999999979045,85,14376.750000000000000,2,1353.839999999999918,13,9196.129999999999200,8,3166.219999999999800,8,10635.010000000000218,0,0.000000000000000,6,1109.509999999999991,5,1127.769999999999982
15,FARIAS BRITO,SR3,"13",3303,387065.700000000011642,980,271040.750000000000000,52,8707.030000000000655,0,0.000000000000000,5,6413.880000000000109,5,1211.240000000000009,3,4095.800000000000182,0,0.000000000000000,3,990.950000000000045,7,334.779999999999973
16,FÁTIMA,SR4,"15",9134,1395680.830000000074506,3195,584339.189999999944121,77,11173.120000000000800,3,1339.900000000000091,15,20943.669999999998254,6,4833.840000000000146,8,30075.400000000001455,0,0.000000000000000,31,23728.680000000000291,9,8459.920000000000073
17,FLORESTA,SR1,"6",4219,430775.390000000013970,547,222038.140000000013970,11,5794.920000000000073,9,8154.770000000000437,3,4050.849999999999909,5,2077.480000000000018,1,852.039999999999964,0,0.000000000000000,2,1114.779999999999973,17,695.470000000000027
78,GRANJA LISBOA,SR5,"39",11160,1319254.239999999757856,1367,312547.570000000006985,50,9344.139999999999418,2,426.009999999999991,21,12398.600000000000364,70,16657.299999999999272,5,6490.090000000000146,1,15.000000000000000,3,1245.809999999999945,42,10862.930000000000291
79,GRANJA PORTUGAL,SR5,"39",7104,902216.099999999976717,1100,238189.690000000002328,28,4863.300000000000182,4,2164.769999999999982,18,7834.869999999999891,40,12139.409999999999854,2,2430.800000000000182,0,0.000000000000000,5,2542.960000000000036,19,3481.760000000000218
59,GUAJERU,SR6,"29",1651,187086.619999999995343,377,114495.210000000006403,0,0.000000000000000,4,3871.309999999999945,1,250.199999999999989,5,1053.839999999999918,1,2236.449999999999818,0,0.000000000000000,0,0.000000000000000,3,477.319999999999993
60,GUARARAPES,SR7,"24",3167,728243.359999999986030,940,202701.220000000030268,27,17356.349999999998545,2,612.000000000000000,2,818.919999999999959,2,1446.619999999999891,2,10225.620000000000800,0,0.000000000000000,0,0.000000000000000,12,927.129999999999995
45,HENRIQUE JORGE,SR11,"37",5875,768161.030000000027940,1361,280892.679999999993015,31,5031.420000000000073,4,2759.929999999999836,8,4952.420000000000073,13,4739.520000000000437,2,2714.889999999999873,0,0.000000000000000,3,872.149999999999977,16,3847.579999999999927
99,ITAOCA,SR4,"17",3412,338197.179999999993015,643,130548.149999999994179,29,3961.949999999999818,3,1710.980000000000018,1,2904.409999999999854,7,1620.519999999999982,0,0.000000000000000,0,0.000000000000000,1,270.649999999999977,10,19060.080000000001746
100,ITAPERI,SR8,"19",7057,704157.760000000009313,1222,226831.589999999996508,18,2049.110000000000127,2,225.560000000000002,2,673.509999999999991,10,3906.579999999999927,3,5328.930000000000291,0,0.000000000000000,1,109.000000000000000,2,210.000000000000000
18,JACARECANGA,SR1,"5",4387,401993.700000000011642,1091,284465.250000000000000,13,2707.179999999999836,3,2215.530000000000200,4,5500.369999999999891,7,2044.410000000000082,2,2446.199999999999818,0,0.000000000000000,2,3687.110000000000127,4,3841.199999999999818
61,JANGURUSSU,SR9,"32",17063,1498827.340000000316650,2046,475942.570000000006985,90,8382.590000000000146,5,977.100000000000023,25,10011.500000000000000,37,12541.969999999999345,6,11522.170000000000073,0,0.000000000000000,7,3574.719999999999800,11,4713.020000000000437
19,JARDIM AMÉRICA,SR4,"16",3083,371700.039999999979045,806,209252.070000000006985,35,5641.470000000000255,0,0.000000000000000,6,5170.649999999999636,6,1430.309999999999945,4,6923.689999999999600,0,0.000000000000000,3,806.460000000000036,7,3230.199999999999818
80,JARDIM CEARENSE,SR10,"35",2561,310291.510000000067521,761,127777.410000000003492,10,1636.509999999999991,0,0.000000000000000,3,3053.949999999999818,7,2873.750000000000000,0,0.000000000000000,0,0.000000000000000,0,0.000000000000000,8,3279.119999999999891
62,JARDIM DAS OLIVEIRAS,SR6,"27",6561,753712.119999999995343,988,195509.190000000002328,34,5083.479999999999563,2,352.170000000000016,11,9550.950000000000728,23,7004.460000000000036,4,4931.850000000000364,0,0.000000000000000,2,1304.190000000000055,5,939.940000000000055
20,JARDIM GUANABARA,SR1,"2",3025,410572.039999999979045,644,136117.640000000013970,18,2594.989999999999782,3,591.059999999999945,10,6950.770000000000437,6,3228.099999999999909,0,0.000000000000000,0,0.000000000000000,1,197.530000000000001,4,458.290000000000020
21,JARDIM IRACEMA,SR1,"6",4764,585199.369999999995343,882,159429.910000000003492,22,3799.030000000000200,2,760.480000000000018,15,6872.850000000000364,24,11805.110000000000582,0,0.000000000000000,0,0.000000000000000,1,39.000000000000000,4,1907.000000000000000
46,JOÃO XXIII,SR11,"37",3337,488790.640000000013970,641,151291.250000000000000,7,974.470000000000027,2,1578.880000000000109,5,1602.049999999999955,9,1895.519999999999982,0,0.000000000000000,0,0.000000000000000,0,0.000000000000000,3,567.549999999999955
22,JOAQUIM TÁVORA,SR2,"10",8208,1098388.399999999906868,3066,517116.489999999932479,163,16295.760000000000218,3,934.730000000000018,6,2458.550000000000182,16,4419.159999999999854,8,999.490000000000009,0,0.000000000000000,10,3247.030000000000200,16,1417.759999999999991
101,JÓQUEI CLUBE,SR11,"37",5957,687031.359999999986030,1468,338870.780000000027940,18,2621.289999999999964,2,166.919999999999987,7,8628.020000000000437,12,4854.890000000000327,2,2591.630000000000109,0,0.000000000000000,4,34030.059999999997672,10,1090.839999999999918
23,JOSÉ BONIFÁCIO,SR4,"15",3345,418894.219999999972060,1279,311909.109999999986030,43,6927.630000000000109,0,0.000000000000000,5,2646.429999999999836,1,308.540000000000020,4,13964.020000000000437,0,0.000000000000000,6,700.019999999999982,6,1843.599999999999909
49,JOSÉ DE ALENCAR,SR6,"29",3492,501594.869999999995343,819,248488.079999999987194,21,3072.719999999999800,4,2673.159999999999854,5,1572.440000000000055,3,881.870000000000005,0,0.000000000000000,1,320.899999999999977,0,0.000000000000000,5,1174.930000000000064
63,LAGOA REDONDA,SR6,"29",6657,775564.869999999995343,962,257525.769999999989523,12,2592.349999999999909,11,49875.220000000001164,7,7288.390000000000327,16,11517.139999999999418,3,622.289999999999964,0,0.000000000000000,1,611.919999999999959,4,479.620000000000005
81,MANOEL SÁTIRO,SR10,"35",3864,473026.739999999990687,689,156072.250000000000000,8,936.769999999999982,2,874.629999999999995,11,1901.809999999999945,12,5895.939999999999600,1,126.000000000000000,0,0.000000000000000,3,1186.660000000000082,3,234.000000000000000
112,MANUEL DIAS BRANCO,SR7,"23",2125,277959.309999999997672,192,97275.000000000000000,7,1777.470000000000027,0,0.000000000000000,2,1057.809999999999945,3,778.350000000000023,0,0.000000000000000,0,0.000000000000000,0,0.000000000000000,4,2614.119999999999891
82,MARAPONGA,SR10,"35",4017,398913.210000000020955,1400,198061.609999999986030,6,1858.609999999999900,2,4060.159999999999854,1,610.000000000000000,8,2237.090000000000146,0,0.000000000000000,0,0.000000000000000,1,107.379999999999995,1,172.500000000000000
24,MEIRELES,SR2,"7",20920,4238081.889999999664724,6303,991053.900000000139698,806,26944.189999999998690,3,190.310000000000002,35,15492.959999999999127,8,3330.739999999999782,8,8182.149999999999636,0,0.000000000000000,6,1211.359999999999900,695,69517.809999999997672
65,MESSEJANA,SR6,"28",14910,1625353.570000000065193,4801,770149.819999999832362,89,11132.100000000000364,14,4268.340000000000146,37,9429.469999999999345,33,14422.719999999999345,10,5568.329999999999927,0,0.000000000000000,12,7109.840000000000146,23,8623.370000000000800
83,MONDUBIM,SR10,"35",15478,1589453.899999999906868,2672,667248.649999999906868,51,7614.510000000000218,8,2919.179999999999836,15,6748.109999999999673,47,14240.000000000000000,5,2744.090000000000146,0,0.000000000000000,4,2470.400000000000091,20,5116.779999999999745
25,MONTE CASTELO,SR3,"13",3215,366672.590000000025611,735,123665.350000000005821,25,2652.449999999999818,0,0.000000000000000,2,576.070000000000050,2,1119.049999999999955,2,547.240000000000009,0,0.000000000000000,1,192.789999999999992,7,2086.559999999999945
103,MONTESE,SR4,"16",6721,810734.000000000116415,2399,513432.200000000011642,94,13160.370000000000800,7,6674.720000000000255,23,12248.950000000000728,12,5458.090000000000146,4,854.009999999999991,0,0.000000000000000,5,492.730000000000018,29,7773.930000000000291
5,MOURA BRASIL,SR12,"1",894,76223.679999999993015,130,46385.279999999998836,2,1942.789999999999964,0,0.000000000000000,3,1463.799999999999955,6,2119.150000000000091,0,0.000000000000000,0,0.000000000000000,1,100.829999999999998,3,216.520000000000010
26,MUCURIPE,SR2,"9",5926,1021424.139999999897555,796,158658.380000000004657,78,7640.449999999999818,0,0.000000000000000,5,4277.380000000000109,6,1015.080000000000041,2,746.679999999999950,0,0.000000000000000,1,421.000000000000000,12,4606.529999999999745
120,NOVO MONDUBIM,SR10,"34",5610,553031.920000000041910,685,139436.269999999989523,21,2579.809999999999945,1,368.639999999999986,7,11072.979999999999563,16,4984.989999999999782,3,4870.109999999999673,0,0.000000000000000,2,1141.549999999999955,4,1109.559999999999945
119,OLAVO OLIVEIRA,SR3,"11",2565,284412.239999999990687,359,88044.500000000000000,14,1851.710000000000036,3,2061.789999999999964,7,3960.239999999999782,13,4720.050000000000182,2,3450.889999999999873,0,0.000000000000000,1,629.889999999999986,8,772.820000000000050
47,PADRE ANDRADE,SR3,"12",2747,296873.900000000023283,607,247371.399999999994179,27,2374.199999999999818,5,22432.979999999999563,2,604.799999999999955,6,2793.769999999999982,2,4279.000000000000000,0,0.000000000000000,1,425.420000000000016,11,2169.309999999999945
104,PAN-AMERICANO,SR11,"36",2173,268804.119999999995343,428,88860.449999999997090,9,1323.480000000000018,3,923.240000000000009,3,2849.139999999999873,8,8262.479999999999563,2,740.299999999999955,0,0.000000000000000,1,859.000000000000000,7,1374.140000000000100
27,PAPICU,SR2,"8",5997,868638.789999999920838,4262,737606.359999999986030,34,17198.080000000001746,6,2069.170000000000073,2,567.179999999999950,11,2566.019999999999982,2,1119.410000000000082,0,0.000000000000000,3,29940.139999999999418,41,3903.110000000000127
105,PARANGABA,SR4,"17",8794,1060366.209999999962747,2565,644896.790000000037253,61,15030.799999999999272,10,13935.510000000000218,7,4497.779999999999745,21,6877.029999999999745,3,3502.750000000000000,0,0.000000000000000,9,2296.929999999999836,27,12632.450000000000728
28,PARQUE ARAXÁ,SR3,"14",1913,237286.369999999995343,436,86766.589999999996508,13,1345.259999999999991,2,759.000000000000000,5,1456.369999999999891,1,66.750000000000000,0,0.000000000000000,0,0.000000000000000,2,495.129999999999995,2,179.509999999999991
84,PARQUE DOIS IRMÃOS,SR8,"20",7278,867493.969999999972060,1166,265434.109999999986030,31,4002.980000000000018,4,30362.000000000000000,9,10525.489999999999782,26,9604.670000000000073,2,175.000000000000000,0,0.000000000000000,3,1170.619999999999891,5,1535.230000000000018
44,PARQUE GENIBAÚ,SR11,"38",1440,183430.720000000001164,605,125108.270000000004075,1,465.000000000000000,0,0.000000000000000,6,2835.519999999999982,12,5757.770000000000437,2,275.529999999999973,0,0.000000000000000,2,1381.130000000000109,2,1883.599999999999909
66,PARQUE IRACEMA,SR6,"28",5788,755282.260000000009313,1000,183724.569999999977881,14,1322.869999999999891,3,1388.349999999999909,1,291.769999999999982,2,3199.650000000000091,0,0.000000000000000,0,0.000000000000000,0,0.000000000000000,5,1662.109999999999900
29,PARQUELÂNDIA,SR3,"14",4680,649747.459999999962747,1718,291508.210000000020955,66,11042.280000000000655,4,645.730000000000018,8,7242.109999999999673,8,2268.010000000000218,2,3358.210000000000036,0,0.000000000000000,36,4117.180000000000291,6,1517.180000000000064
67,PARQUE MANIBURA,SR6,"27",1559,312954.440000000060536,1537,267297.309999999997672,38,2314.820000000000164,3,810.509999999999991,3,1451.609999999999900,6,2313.559999999999945,2,259.360000000000014,0,0.000000000000000,3,323.259999999999991,5,3356.719999999999800
85,PARQUE PRESIDENTE VARGAS,SR10,"34",1490,176955.299999999988358,143,48943.129999999997381,3,362.629999999999995,1,1258.490000000000009,4,2979.630000000000109,4,930.000000000000000,1,155.819999999999993,0,0.000000000000000,0,0.000000000000000,2,1204.190000000000055
102,PARQUE SANTA MARIA,SR9,"33",2822,293639.289999999979045,620,227703.160000000003492,14,3741.469999999999800,4,1821.609999999999900,2,1033.430000000000064,13,5353.100000000000364,2,780.899999999999977,0,0.000000000000000,0,0.000000000000000,6,1538.500000000000000
87,PARQUE SANTA ROSA,SR10,"34",2418,343271.200000000011642,444,93565.389999999984866,9,940.289999999999964,1,3566.699999999999818,3,4658.720000000000255,15,5209.199999999999818,0,0.000000000000000,0,0.000000000000000,0,0.000000000000000,2,493.399999999999977
86,PARQUE SÃO JOSÉ,SR10,"34",1553,214678.569999999977881,340,64089.080000000001746,7,1305.019999999999982,1,42.000000000000000,2,696.940000000000055,9,2159.550000000000182,0,0.000000000000000,0,0.000000000000000,1,609.929999999999950,8,714.399999999999977
30,PARREÃO,SR4,"18",2779,367266.270000000018626,1114,242035.059999999997672,34,4976.220000000000255,0,0.000000000000000,8,4067.289999999999964,5,4158.449999999999818,3,861.250000000000000,0,0.000000000000000,3,700.740000000000009,8,792.289999999999964
88,PASSARÉ,SR8,"20",13868,1299438.310000000055879,2017,604248.829999999958090,33,5627.029999999999745,1,265.699999999999989,10,4812.640000000000327,29,7231.550000000000182,6,2570.230000000000018,0,0.000000000000000,2,2688.639999999999873,8,7816.800000000000182
68,PAUPINA,SR6,"30",7003,564875.560000000055879,976,386842.820000000006985,13,6314.119999999999891,2,2142.800000000000182,1,1589.019999999999982,14,7178.399999999999636,0,0.000000000000000,0,0.000000000000000,0,0.000000000000000,9,2423.179999999999836
69,PEDRAS,SR9,"33",6239,410029.960000000020955,507,245913.559999999997672,3,250.110000000000014,2,1820.000000000000000,0,0.000000000000000,3,801.600000000000023,0,0.000000000000000,0,0.000000000000000,3,1559.960000000000036,3,1558.980000000000018
106,PICI,SR11,"36",7748,743853.880000000004657,1298,197740.420000000012806,9,1367.490000000000009,0,0.000000000000000,6,5324.670000000000073,17,4079.559999999999945,3,704.320000000000050,0,0.000000000000000,4,6000.520000000000437,11,1152.559999999999945
31,PIRAMBÚ,SR1,"4",3344,314995.320000000006985,328,48139.500000000000000,9,1721.700000000000045,0,0.000000000000000,10,1553.000000000000000,15,3999.650000000000091,1,237.719999999999999,0,0.000000000000000,0,0.000000000000000,15,1441.900000000000091
115,PLANALTO AYRTON SENNA,SR8,"21",4298,426477.309999999997672,989,270892.609999999986030,11,3051.550000000000182,5,3377.239999999999782,6,6910.989999999999782,19,5032.069999999999709,1,306.819999999999993,0,0.000000000000000,1,1173.019999999999982,3,1062.480000000000018
32,PRAIA DE IRACEMA,SR12,"1",2028,223352.910000000003492,983,194752.980000000010477,88,10005.469999999999345,5,2060.679999999999836,5,1825.490000000000009,3,892.309999999999945,4,14516.159999999999854,0,0.000000000000000,0,0.000000000000000,80,15231.500000000000000
113,PRAIA DO FUTURO I,SR7,"22",918,197649.799999999988358,292,120836.320000000006985,6,2681.900000000000091,0,0.000000000000000,2,924.649999999999977,0,0.000000000000000,0,0.000000000000000,0,0.000000000000000,1,1987.230000000000018,12,18971.590000000000146
114,PRAIA DO FUTURO II,SR7,"22",1609,175031.010000000038417,183,93187.770000000004075,4,1073.869999999999891,0,0.000000000000000,0,0.000000000000000,3,682.000000000000000,1,4547.899999999999636,0,0.000000000000000,1,636.100000000000023,9,11137.729999999999563
89,PREFEITO JOSÉ WALTER,SR8,"21",20473,1683349.989999999990687,1737,355449.880000000004657,50,5977.090000000000146,2,989.789999999999964,21,11270.139999999999418,25,5696.760000000000218,4,1339.019999999999982,0,0.000000000000000,8,13676.950000000000728,4,2688.159999999999854
33,PRESIDENTE KENNEDY,SR3,"12",7473,830468.979999999864958,1801,479162.010000000009313,21,6198.430000000000291,1,207.000000000000000,6,2369.280000000000200,15,4046.949999999999818,2,1567.589999999999918,0,0.000000000000000,15,977.970000000000027,14,900.809999999999945
48,QUINTINO CUNHA,SR3,"11",4616,558684.430000000051223,882,155877.040000000008149,26,2710.440000000000055,16,4479.909999999999854,11,4488.689999999999600,27,7712.640000000000327,3,2059.599999999999909,0,0.000000000000000,2,1267.000000000000000,12,1834.079999999999927
77,RACHEL DE QUEIROZ,SR8,"19",3751,338084.469999999972060,383,87249.220000000001164,2,430.600000000000023,0,0.000000000000000,6,5147.890000000000327,3,408.000000000000000,1,703.230000000000018,0,0.000000000000000,4,4918.279999999999745,2,102.159999999999997
34,RODOLFO TEÓFILO,SR3,"14",4672,559982.910000000032596,1376,327232.090000000025611,45,7837.989999999999782,4,1489.000000000000000,9,15152.520000000000437,16,12866.639999999999418,1,308.000000000000000,0,0.000000000000000,24,48261.550000000002910,11,4530.710000000000036
70,SABIAGUABA,SR7,"25",383,77459.399999999994179,74,48769.279999999998836,2,645.539999999999964,1,40.299999999999997,2,1600.609999999999900,0,0.000000000000000,0,0.000000000000000,0,0.000000000000000,0,0.000000000000000,4,8609.790000000000873
71,SALINAS,SR7,"24",1544,216656.359999999986030,246,84620.360000000000582,2,792.850000000000023,0,0.000000000000000,3,2202.550000000000182,2,610.549999999999955,0,0.000000000000000,0,0.000000000000000,0,0.000000000000000,0,0.000000000000000
118,SÃO BENTO,SR6,"30",1783,219737.769999999989523,317,65625.119999999995343,9,4049.090000000000146,3,2859.340000000000146,1,390.000000000000000,5,1896.200000000000045,0,0.000000000000000,0,0.000000000000000,1,651.740000000000009,1,306.120000000000005
1,SÃO GERARDO,SR3,"13",5482,683512.050000000046566,1276,227921.010000000038417,36,4967.090000000000146,1,2201.719999999999800,6,3508.699999999999818,8,3977.059999999999945,1,2758.659999999999854,0,0.000000000000000,0,0.000000000000000,9,1760.630000000000109
35,SÃO JOÃO DO TAUAPE,SR2,"10",7457,918303.359999999986030,1754,330761.049999999930151,98,13609.790000000000873,7,945.360000000000014,16,8003.680000000000291,14,10352.059999999999491,3,4495.060000000000400,0,0.000000000000000,9,1904.240000000000009,51,5994.779999999999745
64,SAPIRANGA-COITÉ,SR7,"25",5806,831852.760000000009313,1772,383955.830000000016298,39,5241.520000000000437,5,1567.079999999999927,11,5627.470000000000255,11,6673.880000000000109,0,0.000000000000000,0,0.000000000000000,2,715.070000000000050,12,2895.039999999999964
107,SERRINHA,SR8,"19",5129,596517.159999999916181,1277,309875.539999999979045,27,5474.590000000000146,4,2402.469999999999800,12,8917.569999999999709,17,6913.729999999999563,2,12287.799999999999272,0,0.000000000000000,5,442.300000000000011,33,1208.700000000000045
90,SIQUEIRA,SR5,"39",8880,834743.229999999981374,853,208626.970000000001164,39,7670.880000000000109,0,0.000000000000000,12,7648.479999999999563,39,6362.010000000000218,4,9194.670000000000073,0,0.000000000000000,3,1833.589999999999918,9,2094.599999999999909
36,VARJOTA,SR2,"8",2803,388818.119999999995343,753,136634.720000000001164,30,5877.739999999999782,0,0.000000000000000,5,3538.030000000000200,2,253.919999999999987,0,0.000000000000000,0,0.000000000000000,0,0.000000000000000,68,2293.130000000000109
37,VICENTE PINZÓN,SR2,"9",6750,863252.190000000060536,1132,215800.679999999993015,38,14556.719999999999345,1,112.870000000000005,19,7219.779999999999745,22,5780.460000000000036,9,4329.909999999999854,0,0.000000000000000,4,1297.279999999999973,14,4710.819999999999709
108,VILA PERI,SR4,"17",4185,595319.060000000055879,1040,263685.229999999981374,24,5569.579999999999927,2,1365.019999999999982,6,2714.519999999999982,14,5006.779999999999745,1,41.170000000000002,0,0.000000000000000,1,440.439999999999998,7,1044.779999999999973
109,VILA UNIÃO,SR4,"18",3366,455988.140000000013970,1153,307013.420000000041910,19,6556.670000000000073,9,3708.480000000000018,9,7610.800000000000182,19,8055.090000000000146,1,222.000000000000000,0,0.000000000000000,6,12344.850000000000364,6,2671.750000000000000
39,VILA VELHA,SR1,"2",10044,1153473.000000000000000,1910,338574.209999999962747,32,4124.720000000000255,1,279.579999999999984,14,6260.899999999999636,27,10290.940000000000509,4,3911.300000000000182,1,289.660000000000025,5,1190.849999999999909,6,3941.300000000000182
